name,subject,grade,date
Alice Johnson,Mathematics,92,2025-11-20
Bob Smith,Science,78,2025-11-20
Carol White,Mathematics,85,2025-11-21
David Brown,English,90,2025-11-21
Emma Davis,Science,88,2025-11-22
Frank Miller,Mathematics,76,2025-11-22
Grace Lee,English,94,2025-11-23
Henry Wilson,Science,82,2025-11-23
Ivy Martinez,Mathematics,89,2025-11-24
Jack Taylor,English,87,2025-11-24
Kate Anderson,Science,91,2025-11-25
Liam Thomas,Mathematics,73,2025-11-25
Mia Jackson,English,96,2025-11-26
Noah White,Science,84,2025-11-26
Olivia Harris,Mathematics,88,2025-11-27
